,name,width,height,length,fps,frame,scale,bodyLength0,bodyLength1
0,CF_FF_01,1280,720,54246,29.97002997002997,0,686.0,44.40720662234904,42.42640687119285
1,CF_FF_02,1280,720,54246,29.97002997002997,6000,687.0007278016524,40.792156108742276,41.773197148410844
2,CF_FF_03,1280,720,54246,29.97002997002997,0,689.0029027515051,45.70557952810576,42.01190307520001
3,CF_FF_04,1280,720,54246,29.97002997002997,3000,683.6585405010311,39.96248240537617,41.30375285612676
4,CF_FF_05,1280,720,54246,29.97002997002997,3000,686.4925345551836,44.384682042344295,43.18564576337837
5,CF_FF_06,1280,720,54246,29.97002997002997,0,689.0878028234138,39.698866482558415,38.897300677553446
6,CF_FF_07,1280,720,54246,29.97002997002997,3000,687.0116447339157,39.20459156782532,43.965895873961216
7,CF_FF_08,1280,720,54246,29.97002997002997,0,686.0029154456998,44.01136216933077,42.95346318982906
8,CF_FF_09,1280,720,54246,29.97002997002997,9000,685.1051014260513,42.0,41.14608122288197
9,CF_FF_10,1280,720,54246,29.97002997002997,3000,684.4567188654079,40.311288741492746,39.92492955535426
10,CF_FF_11,1280,720,54246,29.97002997002997,6000,683.1434695581888,40.19950248448356,38.18376618407357
11,CF_FF_12,1280,720,54246,29.97002997002997,18000,684.0116958064386,38.58756276314948,41.23105625617661
12,CF_FF_13,1280,720,54246,29.97002997002997,12000,694.9856113618468,41.10960958218893,42.5440947723653
13,CF_FF_14,1280,720,54246,29.97002997002997,12000,699.0028612244731,48.373546489791295,39.35733730830886
14,CF_FF_15,1280,720,54246,29.97002997002997,6000,698.1210496754843,44.598206241955516,43.174066289845804
15,CF_FF_16,1280,720,54246,29.97002997002997,36000,679.0596439194425,41.43669871020132,39.56008088970496
16,CF_FF_17,1280,720,54246,29.97002997002997,0,677.1890430300833,41.182520563948,39.05124837953327
17,CF_FF_18,1280,720,54246,29.97002997002997,0,679.1244363148775,45.12205669071391,40.70626487409524
18,CF_FF_19,1280,720,54246,29.97002997002997,9000,677.6208379322466,40.11234224026316,39.824615503479755
19,CF_FF_20,1280,720,54246,29.97002997002997,3000,676.2669591219136,42.20189569201838,41.19465984809196
20,CF_FF_21,1280,720,54246,29.97002997002997,6000,669.0067264235839,38.948684188300895,42.04759208325728
21,CF_FF_22,1280,720,54246,29.97002997002997,0,668.0187123127615,43.266615305567875,41.14608122288197
22,CF_FF_23,1280,720,54246,29.97002997002997,3000,666.3002326279047,44.294469180700204,39.319206502675
23,CF_FF_24,1280,720,54246,29.97002997002997,6000,668.5843252724371,40.26164427839479,41.036569057366385
24,CF_FF_25,1280,720,54246,29.97002997002997,9000,710.0007042250029,41.773197148410844,42.720018726587654
25,CF_FF_26,1280,720,54246,29.97002997002997,9000,715.4026838082171,41.593268686170845,42.720018726587654
26,CF_FF_27,1280,720,54246,29.97002997002997,6000,713.2271727857822,48.75448697299562,41.97618372363071
27,CF_FF_28,1280,720,54246,29.97002997002997,6000,682.1238890406933,43.829214001622255,44.41846462902562
28,CF_FF_29,1280,720,54246,29.97002997002997,9000,679.1244363148775,40.24922359499622,39.44616584663204
29,CF_FF_30,1280,720,54246,29.97002997002997,36000,678.8519720822795,41.7612260356422,39.698866482558415
30,CF_FF_31,1280,720,54246,29.97002997002997,30000,683.1237076840475,40.311288741492746,40.44749683231337
31,CF_FF_32,1280,720,54246,29.97002997002997,3000,681.6604726694954,39.35733730830886,39.824615503479755
32,CF_FF_33,1280,720,54246,29.97002997002997,24000,669.0186843429711,35.510561809129406,40.22437072223753
33,CF_FF_34,1280,720,54246,29.97002997002997,0,671.0029806193114,39.698866482558415,38.27531841800928
34,CF_FF_35,1280,720,54246,29.97002997002997,0,669.2697512961422,38.63935817272331,38.8329756778952
35,CF_FF_36,1280,720,54246,29.97002997002997,6000,670.0186564566691,37.44329045369811,40.0
36,CF_FF_37,1280,720,54246,29.97002997002997,3000,700.3777552149983,42.720018726587654,44.294469180700204
37,CF_FF_38,1280,720,54246,29.97002997002997,12000,703.1024107482494,40.70626487409524,40.85339643163099
38,CF_FF_39,1280,720,54246,29.97002997002997,18000,702.0712214583361,43.41658669218482,41.6293165929973
39,CF_FF_40,1280,720,54246,29.97002997002997,24000,677.4990774901469,38.2099463490856,39.11521443121589
40,CF_FF_41,1280,720,54246,29.97002997002997,6000,678.5373976429007,41.10960958218893,43.04648650006177
41,CF_FF_42,1280,720,54246,29.97002997002997,6000,681.0183551124007,41.0,38.07886552931954
42,CF_FF_43,1280,720,54246,29.97002997002997,30000,680.0595562154832,37.53664875824692,38.27531841800928
43,CF_FF_44,1280,720,54246,29.97002997002997,3000,679.5366068137904,39.45883931389772,37.33630940518894
44,CF_FF_45,1280,720,54246,29.97002997002997,18000,685.4203090075462,41.012193308819754,38.41874542459709
45,CF_FF_46,1280,720,54246,29.97002997002997,12000,685.9453330987827,37.107950630558946,40.80441152620633
46,CF_FF_47,1280,720,54246,29.97002997002997,12000,684.3865866599082,36.22154055254967,36.0
47,CF_FF_48,1280,720,54246,29.97002997002997,15000,687.0029112019832,41.0,39.05124837953327
48,CF_FF_49,1280,720,54246,29.97002997002997,42000,693.3181088072055,37.64306044943742,37.53664875824692
49,CF_FF_50,1280,720,54246,29.97002997002997,24000,692.1849463835515,42.15447781671598,38.63935817272331
50,CF_FF_51,1280,720,54246,29.97002997002997,6000,694.1037386443038,42.7551166528639,42.720018726587654
51,CF_FF_52,1280,720,54246,29.97002997002997,24000,695.5242626968522,41.0,41.400483088968905
52,CF_FF_53,1280,720,54246,29.97002997002997,12000,696.0028735572864,42.37924020083418,43.73785545725808
53,CF_FF_54,1280,720,54246,29.97002997002997,12000,695.0028776918841,42.43819034784589,44.28317965096906
54,CF_FF_55,1280,720,54246,29.97002997002997,6000,697.0007173597456,42.720018726587654,40.85339643163099
55,CF_FF_56,1280,720,54246,29.97002997002997,3000,694.0583548953215,41.72529209005013,48.91829923454004
56,CF_FF_57,1280,720,54246,29.97002997002997,24000,699.0178824608138,38.48376280978771,41.048751503547585
57,CF_FF_58,1280,720,54246,29.97002997002997,3000,701.0349492001094,42.44997055358225,44.14748010928823
58,CF_FF_59,1280,720,54246,29.97002997002997,15000,698.3158311251435,38.01315561749642,42.941821107167776
59,CF_FF_60,1280,720,54246,29.97002997002997,24000,699.3461231750699,44.41846462902562,41.10960958218893
60,CF_FF_61,1280,720,54246,29.97002997002997,12000,699.4118958096152,39.56008088970496,43.289721643826724
61,CF_FM_1,1280,720,54246,29.97002997002997,27000,687.5703600359748,38.47076812334269,39.824615503479755
62,CF_FM_10,1280,720,54246,29.97002997002997,42000,682.0263924512012,35.90264614203248,38.62641583165593
63,CF_FM_11,1280,720,54246,29.97002997002997,45000,694.2600377380222,38.01315561749642,37.0
64,CF_FM_12,1280,720,54246,29.97002997002997,45000,692.3496226618456,38.118237105091836,37.20215047547655
65,CF_FM_13,1280,720,54246,29.97002997002997,36000,694.288124628385,41.048751503547585,37.48332962798263
66,CF_FM_14,1280,720,54246,29.97002997002997,15000,674.0185457389136,37.8021163428716,39.319206502675
67,CF_FM_15,1280,720,54246,29.97002997002997,12000,677.4614380169546,38.8329756778952,36.013886210738214
68,CF_FM_16,1280,720,54246,29.97002997002997,39000,675.7114768893599,37.013511046643494,0.0
69,CF_FM_17,1280,720,54246,29.97002997002997,33000,676.0066567719581,37.21558813185679,39.319206502675
70,CF_FM_18,1280,720,54246,29.97002997002997,39000,646.2236454974392,38.01315561749642,35.34119409414458
71,CF_FM_19,1280,720,54246,29.97002997002997,33000,646.0030959678135,35.73513677041127,34.48187929913333
72,CF_FM_2,1280,720,54246,29.97002997002997,18000,685.1642138932826,40.311288741492746,38.27531841800928
73,CF_FM_20,1280,720,54246,29.97002997002997,12000,648.006944407234,40.52159917870962,40.70626487409524
74,CF_FM_21,1280,720,54246,29.97002997002997,12000,712.8113354878694,35.4682957019364,38.07886552931954
75,CF_FM_22,1280,720,54246,29.97002997002997,12000,711.5124735378854,40.45985664828782,41.048751503547585
76,CF_FM_23,1280,720,54246,29.97002997002997,45000,710.203491965507,40.70626487409524,39.0
77,CF_FM_24,1280,720,54246,29.97002997002997,36000,717.0341693392303,40.01249804748511,39.01281840626232
78,CF_FM_25,1280,720,54246,29.97002997002997,42000,719.1564502943709,39.81205847478876,42.2965719651132
79,CF_FM_27,1280,720,54246,29.97002997002997,3000,681.0888341472058,37.64306044943742,38.8329756778952
80,CF_FM_28,1280,720,54246,29.97002997002997,5250,667.0906984810986,36.796738985948195,40.607881008493905
81,CF_FM_29,1280,720,54246,29.97002997002997,33000,666.9722632913606,37.013511046643494,34.17601498127012
82,CF_FM_3,1280,720,54246,29.97002997002997,48000,682.1238890406933,37.8549864614954,0.0
83,CF_FM_30,1280,720,54246,29.97002997002997,24000,664.2439310976051,36.05551275463989,40.8166632639171
84,CF_FM_31,1280,720,54246,29.97002997002997,6000,700.4826907211911,36.05551275463989,40.24922359499622
85,CF_FM_32,1280,720,54246,29.97002997002997,6000,700.0714249274855,35.22782990761707,40.496913462633174
86,CF_FM_33,1280,720,54246,29.97002997002997,15000,700.2856560004639,38.8329756778952,38.948684188300895
87,CF_FM_34,1280,720,54246,29.97002997002997,9000,675.0029629564599,39.408120990476064,37.64306044943742
88,CF_FM_35,1280,720,54246,29.97002997002997,6000,675.0,39.293765408777,34.48187929913333
89,CF_FM_36,1280,720,54246,29.97002997002997,9000,677.0007385520344,42.95346318982906,38.948684188300895
90,CF_FM_37,1280,720,54246,29.97002997002997,39000,676.0029585734075,0.0,37.44329045369811
91,CF_FM_38,1280,720,54246,29.97002997002997,6000,683.3227641459049,36.24913792078372,43.08131845707603
92,CF_FM_39,1280,720,54246,29.97002997002997,12000,682.1238890406933,38.948684188300895,37.73592452822641
93,CF_FM_4,1280,720,54246,29.97002997002997,42000,685.1233465588514,36.235341863986875,40.311288741492746
94,CF_FM_40,1280,720,54246,29.97002997002997,3000,685.1233465588514,39.35733730830886,35.608987629529715
95,CF_FM_41,1280,720,54246,29.97002997002997,9000,689.035557863308,41.23105625617661,44.77722635447622
96,CF_FM_42,1280,720,54246,29.97002997002997,27000,690.0065217083096,42.0,40.44749683231337
97,CF_FM_43,1280,720,54246,29.97002997002997,39000,691.4520952314773,39.05124837953327,42.720018726587654
98,CF_FM_44,1280,720,54246,29.97002997002997,15000,696.0581872228787,42.5440947723653,39.35733730830886
99,CF_FM_45,1280,720,54246,29.97002997002997,36000,696.0064654872108,39.824615503479755,39.81205847478876
100,CF_FM_46,1280,720,54246,29.97002997002997,36000,696.0064654872108,39.81205847478876,37.33630940518894
101,CF_FM_47,1280,720,54246,29.97002997002997,42000,695.0352509045854,34.92849839314596,38.63935817272331
102,CF_FM_48,1280,720,54246,29.97002997002997,33000,700.0864232364459,39.20459156782532,39.01281840626232
103,CF_FM_49,1280,720,54246,29.97002997002997,9000,699.3461231750699,35.608987629529715,40.8166632639171
104,CF_FM_5,1280,720,54246,29.97002997002997,45000,684.2923351901584,38.28837943815329,39.66106403010388
105,CF_FM_50,1280,720,54246,29.97002997002997,9000,700.1828332657121,40.311288741492746,40.311288741492746
106,CF_FM_6,1280,720,54246,29.97002997002997,30000,684.0358177756483,39.11521443121589,38.41874542459709
107,CF_FM_7,1280,720,54246,29.97002997002997,18000,684.1052550594828,33.24154027718932,36.359317925395686
108,CF_FM_8,1280,720,54246,29.97002997002997,30000,684.4209231167615,41.0,38.48376280978771
109,CF_FM_9,1280,720,54246,29.97002997002997,3000,682.0007331374359,40.496913462633174,38.47076812334269
110,CF_MM_01,1280,720,54246,29.97002997002997,0,684.0358177756483,39.96248240537617,40.85339643163099
111,CF_MM_03,1280,720,54246,29.97002997002997,12000,682.1649360675174,36.6742416417845,41.773197148410844
112,CF_MM_04,1280,720,54246,29.97002997002997,0,684.1235268575406,41.72529209005013,37.16180835212409
113,CF_MM_05,1280,720,54246,29.97002997002997,3000,685.1430507565555,39.0,40.162171256046406
114,CF_MM_06,1280,720,54246,29.97002997002997,3000,687.0,36.76955262170047,40.311288741492746
115,CF_MM_07,1280,720,54246,29.97002997002997,9000,682.2374953049707,40.311288741492746,0.0
116,CF_MM_08,1280,720,54246,29.97002997002997,30000,682.0593815790528,37.589892258425,37.013511046643494
117,CF_MM_09,1280,720,54246,29.97002997002997,12000,683.5334666276407,39.408120990476064,38.2099463490856
118,CF_MM_10,1280,720,54211,29.97002997002997,6000,696.0459754929987,39.6232255123179,38.2099463490856
119,CF_MM_11,1280,720,54246,29.97002997002997,3000,695.3171938043816,39.05124837953327,38.27531841800928
120,CF_MM_12,1280,720,54246,29.97002997002997,6000,676.2669591219136,35.84689665786984,37.33630940518894
121,CF_MM_13,1280,720,54246,29.97002997002997,3000,673.145600891813,37.69615364994153,37.53664875824692
122,CF_MM_14,1280,720,54246,29.97002997002997,6000,675.2962312940892,36.069377593742864,34.92849839314596
123,CF_MM_15,1280,720,54246,29.97002997002997,6000,676.5389863119493,39.81205847478876,38.28837943815329
124,CF_MM_16,1280,720,54246,29.97002997002997,6000,675.0029629564599,35.38361202590826,37.8021163428716
125,CF_MM_17,1280,720,54246,29.97002997002997,9000,666.507314288448,39.44616584663204,37.21558813185679
126,CF_MM_18,1280,720,54246,29.97002997002997,3000,667.1266746278401,41.400483088968905,38.05259518088089
127,CF_MM_19,1280,720,54246,29.97002997002997,6000,666.0367857708761,39.20459156782532,41.012193308819754
128,CF_MM_2,1280,720,54246,29.97002997002997,15000,685.3218222120174,38.27531841800928,41.012193308819754
129,CF_MM_21,1280,720,54246,29.97002997002997,27000,710.3724375283715,36.76955262170047,37.33630940518894
130,CF_MM_22,1280,720,54246,29.97002997002997,3000,711.0063290857544,40.70626487409524,41.617304093369626
131,CF_MM_23,1280,720,54246,29.97002997002997,6000,711.0534438423036,39.408120990476064,38.897300677553446
132,CF_MM_24,1280,720,54246,29.97002997002997,9000,681.1879329524269,35.608987629529715,39.698866482558415
133,CF_MM_25,1280,720,54246,29.97002997002997,18000,680.1441023783121,36.40054944640259,34.058772731852805
134,CF_MM_26,1280,720,54246,29.97002997002997,6000,681.0029368512297,38.05259518088089,39.20459156782532
135,CF_MM_27,1280,720,54246,29.97002997002997,3000,679.0,36.05551275463989,38.91015291668744
136,CF_MM_28,1280,720,54246,29.97002997002997,6000,681.8482235805855,35.12833614050059,39.0
137,CF_MM_29,1280,720,54246,29.97002997002997,3000,667.0607168766574,38.07886552931954,34.36568055487916
138,CF_MM_30,1280,720,54246,29.97002997002997,3000,664.0609911747565,37.48332962798263,40.311288741492746
139,CF_MM_31,1280,720,54246,29.97002997002997,27000,664.3643578639661,37.013511046643494,40.01249804748511
140,CF_MM_32,1280,720,54246,29.97002997002997,3000,703.086054476975,39.05124837953327,42.20189569201838
141,CF_MM_33,1280,720,54246,29.97002997002997,12000,700.0457127931004,39.21734310225516,40.80441152620633
142,CF_MM_34,1280,720,54246,29.97002997002997,3000,703.0177807139731,40.607881008493905,35.6931365951495
143,CF_MM_35,1280,720,54246,29.97002997002997,36000,677.1661539090683,34.52535300326414,38.05259518088089
144,CF_MM_36,1280,720,54246,29.97002997002997,9000,676.0029585734075,38.600518131237564,37.20215047547655
145,CF_MM_37,1280,720,54246,29.97002997002997,3000,677.0029542033033,37.013511046643494,41.48493702538308
146,CF_MM_38,1280,720,54246,29.97002997002997,6000,678.7727487491262,36.282839531167404,39.12941490887784
147,CF_MM_39,1280,720,54246,29.97002997002997,21000,679.3362773897605,36.2276751178494,0.0
148,CF_MM_40,1280,720,54246,29.97002997002997,9000,683.0592946443229,38.600518131237564,40.52159917870962
149,CF_MM_41,1280,720,54246,29.97002997002997,15000,685.0357654896568,36.124783736376884,38.01315561749642
150,CF_MM_42,1280,720,54090,29.97002997002997,30000,688.9941944603016,41.048751503547585,37.57658845611187
151,CF_MM_43,1280,720,54246,29.97002997002997,9000,691.4520952314773,41.23105625617661,37.21558813185679
152,CF_MM_44,1280,720,54210,29.97002997002997,3000,690.0724599634447,36.68787265568828,42.190046219457976
153,CF_MM_45,1280,720,54246,29.97002997002997,9000,696.0459754929987,38.63935817272331,39.05124837953327
154,CF_MM_46,1280,720,54246,29.97002997002997,39000,698.2585481037809,36.61966684720111,42.15447781671598
155,CF_MM_47,1280,720,54246,29.97002997002997,3000,695.0870449087654,43.01162633521314,40.024992192379
156,CF_MM_48,1280,720,54246,29.97002997002997,6000,695.0719387228922,40.049968789001575,39.44616584663204
157,CF_MM_49,1280,720,54246,29.97002997002997,6000,703.3135858207205,42.01190307520001,38.01315561749642
158,CF_MM_50,1280,720,54246,29.97002997002997,42000,705.204934753012,40.8166632639171,41.86884283091664
159,CF_MM_51,1280,720,54246,29.97002997002997,3000,702.1823125086532,41.97618372363071,42.04759208325728
160,CG_FF_01,1280,720,54246,29.97002997002997,3000,638.6666666666666,18.342421989596804,30.3021818063027
161,CG_FF_02,1280,720,54246,29.97002997002997,0,636.0055904715863,20.709632756012088,20.0
162,CG_FF_03,1280,720,54246,29.97002997002997,6000,701.0119669290801,24.267032964268395,27.202941017470888
163,CG_FF_04,1280,720,54246,29.97002997002997,3000,703.3715629420594,26.21280433511667,23.418890760333728
164,CG_FF_05,1280,720,54246,29.97002997002997,6000,705.0574444681795,36.40054944640259,37.33630940518894
165,CG_FF_06,1280,720,54246,29.97002997002997,15000,701.0007132663989,36.40054944640259,36.40054944640259
166,CG_FF_07,1280,720,54246,29.97002997002997,18000,703.0113797087498,38.62641583165593,35.0
167,CG_FF_08,1280,720,54246,29.97002997002997,27000,700.600456751207,31.906112267087632,33.06055050963308
168,CG_FF_09,1280,720,54246,29.97002997002997,30000,669.7648841197932,32.2490309931942,33.37663853655727
169,CG_FF_10,1280,720,54246,29.97002997002997,3000,671.190732951521,33.54101966249684,30.886890422961002
170,CG_FF_11,1280,720,54246,29.97002997002997,12000,684.0182746096774,35.35533905932738,38.27531841800928
171,CG_FF_12,1280,720,54246,29.97002997002997,36000,687.0181948100064,36.013886210738214,34.36568055487916
172,CG_FF_13,1280,720,54246,29.97002997002997,9000,686.0881867515283,33.1058907144937,33.52610922848042
173,CG_FF_14,1280,720,54246,29.97002997002997,3000,705.0709184188496,34.828149534535996,37.69615364994153
174,CG_FF_15,1280,720,54246,29.97002997002997,0,700.0578547520198,35.34119409414458,35.0
175,CG_FF_16,1280,720,54246,29.97002997002997,3000,698.0179080797283,36.138621999185304,33.24154027718932
176,CG_FF_17,1280,720,54246,29.97002997002997,6000,705.0574444681795,33.60059523282288,29.154759474226502
177,CG_FF_18,1280,720,54246,29.97002997002997,3000,703.0455177298267,34.132096331752024,35.0
178,CG_FF_19,1280,720,54246,29.97002997002997,6000,677.0029542033033,35.4400902933387,34.66987164671943
179,CG_FF_20,1280,720,54246,29.97002997002997,3000,679.0007363766257,34.17601498127012,35.05709628591621
180,CG_FF_21,1280,720,54246,29.97002997002997,3000,678.3251432757008,33.28663395418648,33.83784863137726
181,CG_FF_22,1280,720,54246,29.97002997002997,9000,655.0190836914601,31.240998703626616,31.04834939252005
182,CG_FF_23,1280,720,54246,29.97002997002997,3000,654.0068806977492,32.7566787083184,32.202484376209235
183,CG_FF_24,1280,720,54246,29.97002997002997,18000,653.248038649945,34.713109915419565,33.12099032335839
184,CG_FF_25,1280,720,54246,29.97002997002997,9000,673.1255454965292,35.22782990761707,33.83784863137726
185,CG_FF_26,1280,720,54246,29.97002997002997,9000,669.2421086572482,34.132096331752024,33.83784863137726
186,CG_FF_27,1280,720,54246,29.97002997002997,9000,688.0181683647605,33.61547262794322,35.35533905932738
187,CG_FF_28,1280,720,54246,29.97002997002997,3000,691.0875487230254,35.510561809129406,35.35533905932738
188,CG_FF_29,1280,720,54246,29.97002997002997,15000,688.0116278087166,33.52610922848042,36.124783736376884
189,CG_FF_30,1280,720,54246,29.97002997002997,3000,661.3025026415672,35.05709628591621,35.22782990761707
190,CG_FF_31,1280,720,54246,29.97002997002997,3000,658.0030395066576,33.95585369269929,36.013886210738214
191,CG_FF_32,1280,720,54246,29.97002997002997,3000,660.0613607839805,35.510561809129406,36.124783736376884
192,CG_FF_33,1280,720,54246,29.97002997002997,6000,685.0357654896568,33.97057550292606,34.66987164671943
193,CG_FF_34,1280,720,54246,29.97002997002997,3000,686.1428422711994,37.20215047547655,34.48187929913333
194,CG_FF_35,1280,720,54246,29.97002997002997,24000,690.0260864634032,37.107950630558946,38.118237105091836
195,CG_FF_36,1280,720,54246,29.97002997002997,6000,691.0586082236441,34.20526275297414,38.600518131237564
196,CG_FF_37,1280,720,54246,29.97002997002997,30000,690.4527500126276,35.4682957019364,34.0
197,CG_FF_38,1280,720,54246,29.97002997002997,9000,688.058863760943,39.11521443121589,38.91015291668744
198,CG_FF_39,1280,720,54246,29.97002997002997,12000,690.0586931558793,37.107950630558946,36.24913792078372
199,CG_FF_40,1280,720,54246,29.97002997002997,3000,689.026124323309,35.73513677041127,35.0
200,CG_FM_03,1280,720,54246,29.97002997002997,6000,637.0635761052424,32.64965543462902,34.655446902326915
201,CG_FM_04,1280,720,54246,29.97002997002997,33000,700.3777552149983,31.04834939252005,35.4400902933387
202,CG_FM_05,1280,720,54246,29.97002997002997,30000,700.0864232364459,35.35533905932738,34.9857113690718
203,CG_FM_06,1280,720,54246,29.97002997002997,18000,699.0579375130504,36.235341863986875,33.61547262794322
204,CG_FM_07,1280,720,54246,29.97002997002997,45000,699.0007153072163,33.54101966249684,37.21558813185679
205,CG_FM_08,1280,720,54246,29.97002997002997,3000,699.0028612244731,38.0,31.76476034853718
206,CG_FM_09,1280,720,54246,29.97002997002997,24000,697.017933772152,35.05709628591621,36.40054944640259
207,CG_FM_10,1280,720,54246,29.97002997002997,27000,695.0064747899835,34.539832078341085,37.36308338453881
208,CG_FM_11,1280,720,54246,29.97002997002997,3000,668.3621772661885,32.526911934581186,33.1058907144937
209,CG_FM_12,1280,720,54246,29.97002997002997,45000,669.0,31.575306807693888,36.235341863986875
210,CG_FM_13,1280,720,54246,29.97002997002997,15000,669.090427371368,32.202484376209235,32.01562118716424
211,CG_FM_14,1280,720,54246,29.97002997002997,6000,683.1646946381231,39.05124837953327,33.06055050963308
212,CG_FM_15,1280,720,54246,29.97002997002997,9000,683.2115338604874,31.953090617340916,35.11409973215888
213,CG_FM_16,1280,720,54246,29.97002997002997,0,684.1432598513268,32.7566787083184,32.7566787083184
214,CG_FM_17,1280,720,54246,29.97002997002997,18000,683.0183013653441,32.57299494980466,30.4138126514911
215,CG_FM_18,1280,720,54246,29.97002997002997,6000,696.0028735572864,34.9857113690718,34.92849839314596
216,CG_FM_19,1280,720,54246,29.97002997002997,3000,700.0114284781356,34.0,35.11409973215888
217,CG_FM_20,1280,720,54246,29.97002997002997,39000,702.0113959188982,33.28663395418648,35.05709628591621
218,CG_FM_21,1280,720,54246,29.97002997002997,9000,700.0178569150933,35.84689665786984,31.827660925679098
219,CG_FM_22,1280,720,54246,29.97002997002997,18000,700.0178569150933,33.421549934136806,35.73513677041127
220,CG_FM_23,1280,720,54246,29.97002997002997,6000,701.0178314422537,33.13608305156178,32.0
221,CG_FM_24,1280,720,54246,29.97002997002997,3000,674.0741798941716,35.11409973215888,32.89376840679705
222,CG_FM_25,1280,720,54246,29.97002997002997,3000,676.1065004864248,31.906112267087632,36.6742416417845
223,CG_FM_26,1280,720,54246,29.97002997002997,27000,674.0185457389136,30.610455730027933,34.66987164671943
224,CG_FM_27,1280,720,54246,29.97002997002997,3000,675.1451695746626,35.014282800023196,35.11409973215888
225,CG_FM_28,1280,720,54246,29.97002997002997,15000,651.2219283777229,29.068883707497267,29.154759474226502
226,CG_FM_29,1280,720,54246,29.97002997002997,15000,653.3704921405619,31.827660925679098,34.48187929913333
227,CG_FM_30,1280,720,54246,29.97002997002997,12000,651.0276491824292,31.144823004794873,28.600699292150182
228,CG_FM_31,1280,720,54246,29.97002997002997,6000,670.3610967232511,37.12142238654117,32.202484376209235
229,CG_FM_32,1280,720,54246,29.97002997002997,21000,671.0186286534823,32.202484376209235,32.2490309931942
230,CG_FM_33,1280,720,54246,29.97002997002997,6000,670.0,31.400636936215164,31.38470965295043
231,CG_FM_34,1280,720,54246,29.97002997002997,39000,690.0724599634447,31.953090617340916,34.52535300326414
232,CG_FM_35,1280,720,54246,29.97002997002997,3000,661.1482435883801,32.55764119219941,35.90264614203248
233,CG_FM_36,1280,720,54246,29.97002997002997,3000,667.0119938951623,34.48187929913333,33.015148038438355
234,CG_FM_37,1280,720,54246,29.97002997002997,45000,665.108261864187,33.94112549695428,31.32091952673165
235,CG_FM_38,1280,720,54246,29.97002997002997,6000,686.0029154456998,31.622776601683793,34.132096331752024
236,CG_FM_39,1280,720,54246,29.97002997002997,15000,684.0029239703584,32.64965543462902,34.52535300326414
237,CG_FM_40,1280,720,54246,29.97002997002997,18000,687.0356613742841,32.7566787083184,35.22782990761707
238,CG_FM_41,1280,720,54246,29.97002997002997,42400,686.1639745716762,36.124783736376884,32.64965543462902
239,CG_FM_42,1280,720,54246,29.97002997002997,27000,686.1639745716762,33.0,33.301651610693426
240,CG_FM_43,1280,720,54246,29.97002997002997,3000,686.1428422711994,33.24154027718932,37.48332962798263
241,CG_FM_44,1280,720,54246,29.97002997002997,42000,684.0263152832645,32.01562118716424,30.066592756745816
242,CG_FM_45,1280,720,54246,29.97002997002997,12000,689.0464425566684,35.73513677041127,31.38470965295043
243,CG_FM_46,1280,720,54246,29.97002997002997,21000,687.2357674044622,34.438350715445125,29.966648127543394
244,CG_FM_47,1280,720,54246,29.97002997002997,18000,689.0725651192333,33.1058907144937,34.66987164671943
245,Cg_MM_01,1280,720,54246,29.97002997002997,3000,636.0786114938938,33.83784863137726,31.400636936215164
246,CG_MM_02,1280,720,54246,29.97002997002997,45000,635.0031495984882,31.38470965295043,26.92582403567252
247,CG_MM_03,1280,720,54246,29.97002997002997,6000,636.1540693888549,29.154759474226502,29.068883707497267
248,CG_MM_04,1280,720,54246,29.97002997002997,3000,700.3456289575884,30.066592756745816,31.240998703626616
249,CG_MM_05,1280,720,54246,29.97002997002997,12000,698.0257874892588,30.0,33.1058907144937
250,CG_MM_06,1280,720,54246,29.97002997002997,15000,698.2864741637203,34.92849839314596,32.57299494980466
251,CG_MM_07,1280,720,54246,29.97002997002997,6000,697.7807678633741,32.7566787083184,32.57299494980466
252,CG_MM_08,1280,720,54246,29.97002997002997,12000,695.0460416404081,29.5296461204668,31.304951684997057
253,CG_MM_09,1280,720,54246,29.97002997002997,12000,694.2117832477348,33.60059523282288,32.0624390837628
254,Cg_MM_1,1280,720,54246,29.97002997002997,3000,637.0007849288728,33.28663395418648,30.610455730027933
255,CG_MM_10,1280,720,54246,29.97002997002997,15000,670.1910175464902,34.655446902326915,31.906112267087632
256,CG_MM_11,1280,720,54246,29.97002997002997,3000,670.3946598832661,33.24154027718932,33.1058907144937
257,CG_MM_12,1280,720,54246,29.97002997002997,9000,682.0593815790528,30.805843601498726,31.016124838541646
258,CG_MM_13,1280,720,54246,29.97002997002997,9000,684.0,34.0,33.28663395418648
259,CG_MM_14,1280,720,54246,29.97002997002997,18000,683.421539022586,31.906112267087632,30.4138126514911
260,CG_MM_15,1280,720,54246,29.97002997002997,3000,701.0007132663989,34.20526275297414,31.064449134018133
261,CG_MM_16,1280,720,54246,29.97002997002997,6000,695.0179853787957,34.20526275297414,36.013886210738214
262,CG_MM_17,1280,720,54246,29.97002997002997,9000,698.1031442415941,34.92849839314596,31.304951684997057
263,CG_MM_18,1280,720,54246,29.97002997002997,0,669.2421086572482,29.5296461204668,31.89043743820395
264,CG_MM_19,1280,720,54246,29.97002997002997,39000,698.0580205111893,30.528675044947494,32.01562118716424
265,CG_MM_20,1280,720,54246,29.97002997002997,33000,699.2581783576078,32.449961479175904,34.132096331752024
266,CG_MM_21,1280,720,54246,29.97002997002997,0,698.0114612239544,32.55764119219941,33.28663395418648
267,CG_MM_22,1280,720,54246,29.97002997002997,3000,676.4259013373157,37.64306044943742,29.154759474226502
268,CG_MM_23,1280,720,54246,29.97002997002997,12000,678.0892271670448,33.60059523282288,31.016124838541646
269,CG_MM_24,1280,720,54246,29.97002997002997,30000,677.0738512156558,32.0624390837628,28.30194339616981
270,CG_MM_25,1280,720,54246,29.97002997002997,33000,651.1505202332254,28.844410203711913,30.870698080866262
271,CG_MM_26,1280,720,54246,29.97002997002997,3000,655.3052723731131,30.23243291566195,31.04834939252005
272,CG_MM_27,1280,720,54246,29.97002997002997,3000,652.1295883488189,29.410882339705484,30.805843601498726
273,CG_MM_28,1280,720,54246,29.97002997002997,21000,670.0067163842464,30.675723300355934,31.906112267087632
274,CG_MM_29,1280,720,54246,29.97002997002997,3000,670.0119401921133,30.083217912982647,31.144823004794873
275,CG_MM_30,1280,720,54246,29.97002997002997,24000,670.0477594918142,31.016124838541646,31.0
276,CG_MM_31,1280,720,54246,29.97002997002997,6000,691.0180894882565,31.827660925679098,30.01666203960727
277,CG_MM_32,1280,720,54246,29.97002997002997,3000,691.0354549514808,32.7566787083184,34.23448553724738
278,CG_MM_33,1280,720,54246,29.97002997002997,3000,691.0354549514808,33.421549934136806,31.064449134018133
279,CG_MM_34,1280,720,54246,29.97002997002997,27000,660.0030302960737,30.59411708155671,34.0
280,CG_MM_35,1280,720,54246,29.97002997002997,3000,662.0067975481822,33.24154027718932,32.38826948140329
281,CG_MM_36,1280,720,54246,29.97002997002997,3000,663.509608069092,32.202484376209235,31.0
282,CG_MM_37,1280,720,54246,29.97002997002997,9000,689.1632607735268,31.016124838541646,31.11269837220809
283,CG_MM_38,1280,720,54246,29.97002997002997,9000,689.0065311736893,30.479501308256342,32.55764119219941
284,CG_MM_39,1280,720,54246,29.97002997002997,9000,686.0728824257668,31.78049716414141,33.95585369269929
285,CG_MM_40,1280,720,54246,29.97002997002997,12000,688.1860213634102,36.235341863986875,31.25699921617557
286,CG_MM_41,1280,720,54246,29.97002997002997,12000,688.1424271181075,32.69556544854363,32.55764119219941
287,CG_MM_42,1280,720,54246,29.97002997002997,33000,687.0262003737557,32.202484376209235,33.24154027718932
288,CG_MM_43,1280,720,54246,29.97002997002997,15000,690.4172651375399,34.17601498127012,33.06055050963308
289,CG_MM_44,1280,720,54246,29.97002997002997,9000,691.0180894882565,32.55764119219941,35.6931365951495
290,CG_MM_45,1280,720,54246,29.97002997002997,3000,693.288540219727,32.202484376209235,33.421549934136806
